image,product_brand,name,price,supermarket_name,category
https://plazavea.vteximg.com.br/arquivos/ids/27363518-184-184/20168645.jpg?v=638276835787670000,EL BUEN CORTE,Carne Molida de Res Empacada al vacío EL BUEN ...,S/ 19.80 x kg,plazavea,"Carnes, aves y pescados"
https://plazavea.vteximg.com.br/arquivos/ids/27363510-184-184/20168641.jpg?v=638276835560300000,EL BUEN CORTE,Bisteck de Res EL BUEN CORTE,S/ 37.90 x kg,plazavea,"Carnes, aves y pescados"
https://plazavea.vteximg.com.br/arquivos/ids/20372455-184-184/20071091.jpg?v=638023231172000000,BELL'S,Filete de Tilapia BELL'S Bolsa 1Kg,S/ 17.90 un,plazavea,"Carnes, aves y pescados"
https://plazavea.vteximg.com.br/arquivos/ids/518435-184-184/980292.jpg?v=637417675951800000,PLAZA VEA,Chuleta de Lomo de Cerdo,S/ 22.90 x kg,plazavea,"Carnes, aves y pescados"
https://plazavea.vteximg.com.br/arquivos/ids/25707966-184-184/20215620.jpg?v=638121863019970000,SAN FERNANDO,Muslo de Pollo Congelado SAN FERNANDO x kg,S/ 13.50 x kg,plazavea,"Carnes, aves y pescados"
https://plazavea.vteximg.com.br/arquivos/ids/2209486-184-184/20208186.jpg?v=637638671951330000,SAN FERNANDO,Rodaja de Pierna de Pavita SAN FERNANDO Congel...,S/ 12.50 x kg,plazavea,"Carnes, aves y pescados"
https://plazavea.vteximg.com.br/arquivos/ids/27363488-184-184/20127190.jpg?v=638276834923500000,EL BUEN CORTE,Panceta de Cerdo con Hueso y Piel EL BUEN CORT...,S/ 19.89 x kg,plazavea,"Carnes, aves y pescados"
https://plazavea.vteximg.com.br/arquivos/ids/16381017-184-184/980251.jpg?v=637970148378200000,PLAZA VEA,Chuleta de Brazuelo de Cerdo x kg,S/ 21.90 x kg,plazavea,"Carnes, aves y pescados"
https://plazavea.vteximg.com.br/arquivos/ids/5002510-184-184/20071093.jpg?v=637768218534400000,BELL'S,Filete de Basa BELL'S Bolsa 1Kg,S/ 15.50 un,plazavea,"Carnes, aves y pescados"
https://plazavea.vteximg.com.br/arquivos/ids/2209483-184-184/20208191.jpg?v=637638671847470000,SAN FERNANDO,Guiso de Pechuga de Pavita SAN FERNANDO Congel...,S/ 20.90 x kg,plazavea,"Carnes, aves y pescados"
https://plazavea.vteximg.com.br/arquivos/ids/503123-184-184/651486.jpg?v=637408945038700000,REDONDOS,Enrollado de Pollo REDONDOS con Verduras Paque...,S/ 38.90 un,plazavea,"Carnes, aves y pescados"
https://plazavea.vteximg.com.br/arquivos/ids/28651501-184-184/20390099.jpg?v=638412811661430000,DOM PORQUITO,Tira de Lomo de Cerdo con Panceta y Piel DOM P...,S/ 24.49 x kg,plazavea,"Carnes, aves y pescados"
https://plazavea.vteximg.com.br/arquivos/ids/27608202-184-184/20357652.jpg?v=638321925418000000,AHUMA,Alitas AHUMA Sabor BBQ Bolsa 500g,S/ 19.50 un,plazavea,"Carnes, aves y pescados"
https://plazavea.vteximg.com.br/arquivos/ids/26761492-184-184/20206479.jpg?v=638229316449300000,SAN FERNANDO,Pollo Trozado Macerado SAN FERNANDO Asu Olla! ...,S/ 13.40 un,plazavea,"Carnes, aves y pescados"
https://plazavea.vteximg.com.br/arquivos/ids/540914-184-184/20206481.jpg?v=637423836978470000,SAN FERNANDO,Pollo Trozado Macerado SAN FERNANDO Asu Olla! ...,S/ 15.49 un,plazavea,"Carnes, aves y pescados"
https://plazavea.vteximg.com.br/arquivos/ids/1603128-184-184/20139071.jpg?v=637566009070800000,BELL'S,Porciones de Atún BELL'S Bolsa 400g,S/ 26.90 un,plazavea,"Carnes, aves y pescados"
https://plazavea.vteximg.com.br/arquivos/ids/404038-184-184/20089526.jpg?v=637348517173900000,PLAZA VEA,Trucha Eviscerada Congelada,S/ 18.90 x kg,plazavea,"Carnes, aves y pescados"
https://plazavea.vteximg.com.br/arquivos/ids/646608-184-184/20190177.jpg?v=637443540875000000,BIG RANCH,Bife Parrillero Americano BIG RANCH,S/ 65.90 x kg,plazavea,"Carnes, aves y pescados"
https://plazavea.vteximg.com.br/arquivos/ids/16381658-184-184/20183684.jpg?v=637970154075070000,ALIPOFRESCO,Mejillones ALIPOFRESCO Paquete 300g,S/ 9.90 un,plazavea,"Carnes, aves y pescados"
https://plazavea.vteximg.com.br/arquivos/ids/404081-184-184/20082849.jpg?v=637348520831070000,SAN FERNANDO,Enrollado de Pierna de Cerdo SAN FERNANDO,S/ 30.90 x kg,plazavea,"Carnes, aves y pescados"
https://plazavea.vteximg.com.br/arquivos/ids/10256789-184-184/28936.jpg?v=637862430711470000,REDONDOS,Pollipavo con Menudencia REDONDOS,S/ 12.90 x kg,plazavea,"Carnes, aves y pescados"
https://plazavea.vteximg.com.br/arquivos/ids/27669084-184-184/20171105.jpg?v=638331780188230000,FERRER,Combinado de Mariscos FERRER Paella Mix Bandej...,S/ 24.90 un,plazavea,"Carnes, aves y pescados"
https://plazavea.vteximg.com.br/arquivos/ids/20403032-184-184/931086.jpg?v=638023681660070000,PLAZA VEA,Filete de Salmón Congelado x kg,S/ 75.90 x kg,plazavea,"Carnes, aves y pescados"
https://plazavea.vteximg.com.br/arquivos/ids/20372458-184-184/20145201.jpg?v=638023231265300000,SADIA,Filete de Pechuga Importado SADIA Bolsa 1Kg,S/ 15.90 un,plazavea,"Carnes, aves y pescados"
https://plazavea.vteximg.com.br/arquivos/ids/1588260-184-184/20220319.jpg?v=637562940995900000,SAN FERNANDO,Filete Pechuga Corte Mariposa Empacada al vací...,S/ 23.50 x kg,plazavea,"Carnes, aves y pescados"
https://plazavea.vteximg.com.br/arquivos/ids/1588250-184-184/20220318.jpg?v=637562938823630000,SAN FERNANDO,Muslo de Pollo Empacada al vacío SAN FERNANDO,S/ 15.49 x kg,plazavea,"Carnes, aves y pescados"
https://plazavea.vteximg.com.br/arquivos/ids/518417-184-184/20062481.jpg?v=637417675387830000,PLAZA VEA,Hígado de Res Importado,S/ 13.90 x kg,plazavea,"Carnes, aves y pescados"
https://plazavea.vteximg.com.br/arquivos/ids/2209484-184-184/20208192.jpg?v=637638671881400000,SAN FERNANDO,Pechuga de Pavita en Trozos SAN FERNANDO Conge...,S/ 17.90 x kg,plazavea,"Carnes, aves y pescados"
https://plazavea.vteximg.com.br/arquivos/ids/26694837-184-184/20199824.jpg?v=638219809853170000,FROZEN,Filete de Tilapia Premium Congelada Bolsa 1kg,S/ 19.99 un,plazavea,"Carnes, aves y pescados"
https://plazavea.vteximg.com.br/arquivos/ids/27363524-184-184/20168627.jpg?v=638276835942700000,EL BUEN CORTE,Guiso Especial de Res EL BUEN CORTE,S/ 39.90 x kg,plazavea,"Carnes, aves y pescados"
https://plazavea.vteximg.com.br/arquivos/ids/16381019-184-184/20124483.jpg?v=637970148442500000,EL BUEN CORTE,Chuleta Punta de Lomo de Cerdo EL BUEN CORTE,S/ 13.89 x kg,plazavea,"Carnes, aves y pescados"
https://plazavea.vteximg.com.br/arquivos/ids/518406-184-184/953033.jpg?v=637417675008630000,PLAZA VEA,Costillar de Res,S/ 18.90 x kg,plazavea,"Carnes, aves y pescados"
https://plazavea.vteximg.com.br/arquivos/ids/12410182-184-184/20173738.jpg?v=637903584168400000,AGROSUPER,Porciones de Salmón Atlántico AQUA Bolsa 500g,S/ 48.90 un,plazavea,"Carnes, aves y pescados"
https://plazavea.vteximg.com.br/arquivos/ids/646372-184-184/20110600.jpg?v=637443528808400000,PLAZA VEA,Filete de Salmón Fresco Importado,S/ 75.90 x kg,plazavea,"Carnes, aves y pescados"
https://plazavea.vteximg.com.br/arquivos/ids/2458304-184-184/20073719.jpg?v=637680241907770000,PLAZA VEA,Costillar Entero de Cerdo Importado,S/ 19.90 x kg,plazavea,"Carnes, aves y pescados"
https://plazavea.vteximg.com.br/arquivos/ids/27146281-184-184/20352671.jpg?v=638255235678770000,REDONDOS,REDONDOS Cerdo Sabor Oriental Bolsa 530g,S/ 22.50 un,plazavea,"Carnes, aves y pescados"
https://plazavea.vteximg.com.br/arquivos/ids/16381018-184-184/980284.jpg?v=637970148412470000,PLAZA VEA,Chuleta de Pierna de Cerdo con Piel,S/ 20.90 x kg,plazavea,"Carnes, aves y pescados"
https://plazavea.vteximg.com.br/arquivos/ids/2340513-184-184/20190183.jpg?v=637662173876230000,BIG RANCH,Picaña Americana BIG RANCH,S/ 89.90 x kg,plazavea,"Carnes, aves y pescados"
https://plazavea.vteximg.com.br/arquivos/ids/646606-184-184/20190168.jpg?v=637443540814370000,BIG RANCH,Entraña Fina Americana BIG RANCH,S/ 189.90 x kg,plazavea,"Carnes, aves y pescados"
https://plazavea.vteximg.com.br/arquivos/ids/1488441-184-184/20104454.jpg?v=637544512797830000,REDONDOS,Enrollado de Lomo de Cerdo,S/ 28 x kg,plazavea,"Carnes, aves y pescados"
https://plazavea.vteximg.com.br/arquivos/ids/197616-184-184/20133458.jpg?v=636625048576370000,URUBEEF,Entraña Fina URUBEEF,S/ 74.90 x kg,plazavea,"Carnes, aves y pescados"
https://plazavea.vteximg.com.br/arquivos/ids/12368454-184-184/20280852.jpg?v=637902724266370000,REDONDOS,Chuletón de Pierna REDONDOS Duroc x kg,S/ 30.90 x kg,plazavea,"Carnes, aves y pescados"
https://plazavea.vteximg.com.br/arquivos/ids/197617-184-184/20132846.jpg?v=636625048581300000,URUBEEF,Picaña URUBEEF,S/ 104.90 x kg,plazavea,"Carnes, aves y pescados"
https://plazavea.vteximg.com.br/arquivos/ids/197615-184-184/20132841.jpg?v=636625048572370000,URUBEEF,Bife Ancho URUBEEF,S/ 91.99 x kg,plazavea,"Carnes, aves y pescados"
https://plazavea.vteximg.com.br/arquivos/ids/6598313-184-184/20112256.jpg?v=637802043305400000,LAS NORAS,Bife Ancho LAS NORAS,S/ 104.90 x kg,plazavea,"Carnes, aves y pescados"
https://plazavea.vteximg.com.br/arquivos/ids/28753143-184-184/20178672.jpg?v=638434369691170000,LAS NORAS,Corazón de Cuadril de Res LAS NORAS x kg,S/ 94.90 x kg,plazavea,"Carnes, aves y pescados"
https://plazavea.vteximg.com.br/arquivos/ids/646607-184-184/20190176.jpg?v=637443540844830000,BIG RANCH,Bife Ancho Americano BIG RANCH,S/ 145.90 x kg,plazavea,"Carnes, aves y pescados"
https://plazavea.vteximg.com.br/arquivos/ids/6598315-184-184/20112257.jpg?v=637802043370300000,LAS NORAS,Colita Cuadril LAS NORAS,S/ 79.90 x kg,plazavea,"Carnes, aves y pescados"
https://plazavea.vteximg.com.br/arquivos/ids/518403-184-184/20074089.jpg?v=637417674902100000,PLAZA VEA,Churrasco Parrillero de Res,S/ 32.90 x kg,plazavea,"Carnes, aves y pescados"
https://plazavea.vteximg.com.br/arquivos/ids/177230-184-184/20065745.jpg?v=635864717392000000,PLAZA VEA,Costillas de Cerdo ST. LOUIS Importado,S/ 55.90 x kg,plazavea,"Carnes, aves y pescados"
https://plazavea.vteximg.com.br/arquivos/ids/170588-184-184/135484.jpg?v=635774868899900000,PLAZA VEA,Pollo Fresco con Menudencia,S/ 9.40 x kg,plazavea,"Carnes, aves y pescados"
https://plazavea.vteximg.com.br/arquivos/ids/27363529-184-184/20193762.jpg?v=638276836145700000,SAN FERNANDO,Filete de Pechuga de Pollo Congelado SAN FERNA...,S/ 21.90 x kg,plazavea,"Carnes, aves y pescados"
https://plazavea.vteximg.com.br/arquivos/ids/1588246-184-184/20220316.jpg?v=637562937940100000,SAN FERNANDO,Pechuga Entera de Pollo Empacada al vacío SAN ...,S/ 15.50 x kg,plazavea,"Carnes, aves y pescados"
https://plazavea.vteximg.com.br/arquivos/ids/19996582-184-184/20197697.jpg?v=638017646496900000,SADIA,Muslos de Pollo SADIA Bolsa 1kg,S/ 12.50 un,plazavea,"Carnes, aves y pescados"
https://plazavea.vteximg.com.br/arquivos/ids/27363520-184-184/20168637.jpg?v=638276835855100000,EL BUEN CORTE,Lomo Saltado de Res EL BUEN CORTE,S/ 38.90 x kg,plazavea,"Carnes, aves y pescados"
https://plazavea.vteximg.com.br/arquivos/ids/518428-184-184/20102607.jpg?v=637417675737930000,PLAZA VEA,Mondongo de Cau Cau,S/ 12.50 x kg,plazavea,"Carnes, aves y pescados"
https://plazavea.vteximg.com.br/arquivos/ids/404821-184-184/20197700.jpg?v=637351778330030000,SADIA,Gallina con Menudencia SADIA,S/ 8.90 x kg,plazavea,"Carnes, aves y pescados"
https://plazavea.vteximg.com.br/arquivos/ids/404034-184-184/20924.jpg?v=637348516963930000,PLAZA VEA,Trucha Eviscerada,S/ 18.90 x kg,plazavea,"Carnes, aves y pescados"
https://plazavea.vteximg.com.br/arquivos/ids/646151-184-184/448727.jpg?v=637443513347300000,REDONDOS,Enrollado de Pollo REDONDOS con Frutas unid x ...,S/ 38.90 un,plazavea,"Carnes, aves y pescados"
https://plazavea.vteximg.com.br/arquivos/ids/26761493-184-184/20206480.jpg?v=638229316491030000,SAN FERNANDO,Pollo Trozado Macerado SAN FERNANDO Asu Olla! ...,S/ 14.40 un,plazavea,"Carnes, aves y pescados"
https://plazavea.vteximg.com.br/arquivos/ids/518447-184-184/966795.jpg?v=637417676318600000,PLAZA VEA,Panceta de Cerdo con Piel Congelada x Kg,S/ 31.50 x kg,plazavea,"Carnes, aves y pescados"
https://plazavea.vteximg.com.br/arquivos/ids/179860-184-184/20082791.jpg?v=635911477846600000,SAN FERNANDO,Bife Lomo de Cerdo SAN FERNANDO,S/ 36.90 x kg,plazavea,"Carnes, aves y pescados"
https://plazavea.vteximg.com.br/arquivos/ids/27363436-184-184/94791.jpg?v=638276833502870000,EL BUEN CORTE,Bife Ancho de Res EL BUEN CORTE,S/ 48.90 x kg,plazavea,"Carnes, aves y pescados"
https://plazavea.vteximg.com.br/arquivos/ids/27363452-184-184/20078846.jpg?v=638276833918200000,EL BUEN CORTE,Bife Parrillero de Res EL BUEN CORTE,S/ 49.90 x kg,plazavea,"Carnes, aves y pescados"
https://plazavea.vteximg.com.br/arquivos/ids/1588323-184-184/20234613.jpg?v=637562949046130000,SAN FERNANDO,Panceta en Tiras sin Hueso y sin Piel SAN FERN...,S/ 43.90 x kg,plazavea,"Carnes, aves y pescados"
https://plazavea.vteximg.com.br/arquivos/ids/1588320-184-184/20234615.jpg?v=637562947967670000,SAN FERNANDO,Panceta en Tiras con Hueso y con Piel SAN FERN...,S/ 37.90 x kg,plazavea,"Carnes, aves y pescados"
https://plazavea.vteximg.com.br/arquivos/ids/1588321-184-184/20234614.jpg?v=637562948442200000,SAN FERNANDO,Panceta en Tiras con Hueso y sin Piel SAN FERN...,S/ 38.90 x kg,plazavea,"Carnes, aves y pescados"
https://plazavea.vteximg.com.br/arquivos/ids/1588322-184-184/20234612.jpg?v=637562948699670000,SAN FERNANDO,Panceta en Tiras sin Hueso y con Piel SAN FERN...,S/ 40.90 x kg,plazavea,"Carnes, aves y pescados"
https://plazavea.vteximg.com.br/arquivos/ids/27363516-184-184/20168635.jpg?v=638276835741900000,EL BUEN CORTE,Guiso Tierno de Res EL BUEN CORTE,S/ 27.90 x kg,plazavea,"Carnes, aves y pescados"
https://plazavea.vteximg.com.br/arquivos/ids/19995923-184-184/287623.jpg?v=638017641768330000,PLAZA VEA,Pescado Bonito Entero Fresco,S/ 4.99 x kg,plazavea,"Carnes, aves y pescados"
https://plazavea.vteximg.com.br/arquivos/ids/730626-184-184/20189343.jpg?v=637479647828600000,BELL'S,Langostinos Precocidos BELL'S Bolsa 300g,S/ 23.50 un,plazavea,"Carnes, aves y pescados"
https://plazavea.vteximg.com.br/arquivos/ids/518414-184-184/73950.jpg?v=637417675282100000,PLAZA VEA,Churrasco Redondo de Res,S/ 36.90 x kg,plazavea,"Carnes, aves y pescados"
https://plazavea.vteximg.com.br/arquivos/ids/10050694-184-184/20271596.jpg?v=637859394692500000,SANTA PRISCILA,Filete de Tilapia Apanada SANTA PRISCILA Bolsa...,S/ 32.90 un,plazavea,"Carnes, aves y pescados"
https://plazavea.vteximg.com.br/arquivos/ids/27363486-184-184/20127189.jpg?v=638276834868030000,EL BUEN CORTE,Panceta de Cerdo con Hueso sin Piel EL BUEN CO...,S/ 33.90 x kg,plazavea,"Carnes, aves y pescados"
https://plazavea.vteximg.com.br/arquivos/ids/27363434-184-184/94796.jpg?v=638276833459900000,EL BUEN CORTE,Asado Pejerrey de Res EL BUEN CORTE,S/ 48 x kg,plazavea,"Carnes, aves y pescados"
https://plazavea.vteximg.com.br/arquivos/ids/446715-184-184/20073973.jpg?v=637390604785870000,PLAZA VEA,Bonito Entero Congelado,S/ 4.99 x kg,plazavea,"Carnes, aves y pescados"
https://plazavea.vteximg.com.br/arquivos/ids/518438-184-184/980254.jpg?v=637417676043670000,PLAZA VEA,Panceta de Cerdo sin Piel,S/ 32.50 x kg,plazavea,"Carnes, aves y pescados"
https://plazavea.vteximg.com.br/arquivos/ids/520149-184-184/20206296.jpg?v=637417834426130000,A-1,Anillas de Calamar A1 Bolsa 500g,S/ 18.32 un,plazavea,"Carnes, aves y pescados"
https://plazavea.vteximg.com.br/arquivos/ids/585174-184-184/20206008.jpg?v=637435927739530000,PISCIS,Porciones de Trucha PISCIS Bolsa 500g,S/ 24.90 un,plazavea,"Carnes, aves y pescados"
https://plazavea.vteximg.com.br/arquivos/ids/8558580-184-184/20073744.jpg?v=637835010427270000,BELL'S,Filete de Trucha BELL'S Congelado con Piel Bol...,S/ 28.50 un,plazavea,"Carnes, aves y pescados"
https://plazavea.vteximg.com.br/arquivos/ids/518608-184-184/20189496.jpg?v=637417682369500000,REDONDOS,Pollo Entero Aderezo Leña REDONDOS Paquete 1Kg,S/ 16.90 un,plazavea,"Carnes, aves y pescados"
https://plazavea.vteximg.com.br/arquivos/ids/518436-184-184/980291.jpg?v=637417675981330000,PLAZA VEA,Chuleta Parrillera de Cerdo,S/ 18.48 x kg,plazavea,"Carnes, aves y pescados"
https://plazavea.vteximg.com.br/arquivos/ids/7732181-184-184/20063432.jpg?v=637825515678300000,BELL'S,Enrollado de Pollo BELL'S con Jamón Queso Toci...,S/ 39.90 un,plazavea,"Carnes, aves y pescados"
https://plazavea.vteximg.com.br/arquivos/ids/518433-184-184/20087569.jpg?v=637417675888970000,PLAZA VEA,Bondiola de Cerdo,S/ 33.90 x kg,plazavea,"Carnes, aves y pescados"
https://plazavea.vteximg.com.br/arquivos/ids/27363428-184-184/94789.jpg?v=638276833321870000,EL BUEN CORTE,Bife Angosto de Res EL BUEN CORTE,S/ 47.90 x kg,plazavea,"Carnes, aves y pescados"
https://plazavea.vteximg.com.br/arquivos/ids/1588263-184-184/20220322.jpg?v=637562941285030000,SAN FERNANDO,Pierna con Encuentro de Pollo Empacada al vací...,S/ 13.50 x kg,plazavea,"Carnes, aves y pescados"
https://plazavea.vteximg.com.br/arquivos/ids/386001-184-184/20197698.jpg?v=637333904601300000,SADIA,Alitas de Pollo SADIA Bolsa 1Kg,S/ 11.90 un,plazavea,"Carnes, aves y pescados"
https://plazavea.vteximg.com.br/arquivos/ids/623236-184-184/20066165.jpg?v=637442719688100000,PLAZA VEA,Corazón de Res,S/ 11.99 x kg,plazavea,"Carnes, aves y pescados"
https://plazavea.vteximg.com.br/arquivos/ids/12368377-184-184/20280857.jpg?v=637902724059900000,REDONDOS,Medallón de Lomo REDONDOS Duroc x kg,S/ 39.90 x kg,plazavea,"Carnes, aves y pescados"
https://plazavea.vteximg.com.br/arquivos/ids/329371-184-184/20073718.jpg?v=637261138500030000,OREGON FOODS,Baby Back Ribs de Cerdo Importado,S/ 46.90 x kg,plazavea,"Carnes, aves y pescados"
https://plazavea.vteximg.com.br/arquivos/ids/2209485-184-184/20208187.jpg?v=637638671910930000,SAN FERNANDO,Chuleta de Pavita SAN FERNANDO Congelado,S/ 25.90 x kg,plazavea,"Carnes, aves y pescados"
https://plazavea.vteximg.com.br/arquivos/ids/27363560-184-184/20220311.jpg?v=638276836703530000,SAN FERNANDO,Filete Pierna Pollo con Piel Empacada al vacío...,S/ 20.90 x kg,plazavea,"Carnes, aves y pescados"
https://plazavea.vteximg.com.br/arquivos/ids/646197-184-184/20047291.jpg?v=637443519895370000,PLAZA VEA,Filete de Tilapia Importado,S/ 19.90 x kg,plazavea,"Carnes, aves y pescados"
https://plazavea.vteximg.com.br/arquivos/ids/27363430-184-184/94788.jpg?v=638276833370470000,EL BUEN CORTE,Lomo Fino de Res EL BUEN CORTE,S/ 74.90 x kg,plazavea,"Carnes, aves y pescados"
https://plazavea.vteximg.com.br/arquivos/ids/28324482-184-184/79471.jpg?v=638355552299600000,SAN FERNANDO,Enrollado de Pollo SAN FERNANDO Americano unid...,S/ 40.30 un,plazavea,"Carnes, aves y pescados"
https://plazavea.vteximg.com.br/arquivos/ids/446713-184-184/20062438.jpg?v=637390604159170000,PLAZA VEA,Filete de Basa,S/ 15.50 x kg,plazavea,"Carnes, aves y pescados"
https://plazavea.vteximg.com.br/arquivos/ids/28324481-184-184/79559.jpg?v=638355548948430000,SAN FERNANDO,Enrollado de Pollo SAN FERNANDO Delizia unid x...,S/ 40.30 un,plazavea,"Carnes, aves y pescados"
https://plazavea.vteximg.com.br/arquivos/ids/28331814-184-184/20170185.jpg?v=638356511293000000,SAN FERNANDO,Medio Pavo SAN FERNANDO,S/ 16.90 x kg,plazavea,"Carnes, aves y pescados"
https://plazavea.vteximg.com.br/arquivos/ids/6598314-184-184/20112255.jpg?v=637802043337900000,LAS NORAS,Bife Angosto LAS NORAS,S/ 94.90 x kg,plazavea,"Carnes, aves y pescados"
https://plazavea.vteximg.com.br/arquivos/ids/1588240-184-184/20220310.jpg?v=637562936430800000,SAN FERNANDO,Pechuga Especial de Pollo Empacada al vacío SA...,S/ 16.50 x kg,plazavea,"Carnes, aves y pescados"
https://plazavea.vteximg.com.br/arquivos/ids/14208132-184-184/20213339.jpg?v=637939054400230000,SADIA,Piernitas de Pollo Congeladas SADIA Bolsa 1Kg,S/ 10.90 un,plazavea,"Carnes, aves y pescados"
https://plazavea.vteximg.com.br/arquivos/ids/27363522-184-184/20168640.jpg?v=638276835897800000,EL BUEN CORTE,Carne Molida Light de Res Empacada al vacío EL...,S/ 34.90 x kg,plazavea,"Carnes, aves y pescados"
https://plazavea.vteximg.com.br/arquivos/ids/16381014-184-184/20121040.jpg?v=637970148288030000,PLAZA VEA,Carne Molida de Pavita x500g,S/ 11.90 un,plazavea,"Carnes, aves y pescados"
https://plazavea.vteximg.com.br/arquivos/ids/429351-184-184/127200.jpg?v=637382269277830000,REDONDOS,Sangrecita de Pollo REDONDOS Bolsa 500g,S/ 5.50 un,plazavea,"Carnes, aves y pescados"
https://plazavea.vteximg.com.br/arquivos/ids/222172-184-184/20018645.jpg?v=636966611656930000,PLAZA VEA,Pollo Fresco con Menudencia Trozado en 8 Pieza...,S/ 10.40 x kg,plazavea,"Carnes, aves y pescados"
https://plazavea.vteximg.com.br/arquivos/ids/27474873-184-184/20148783.jpg?v=638296704396300000,PERDIX,Pollo Entero Congelado PERDIX Bolsa 1400g,S/ 13.90 un,plazavea,"Carnes, aves y pescados"
https://plazavea.vteximg.com.br/arquivos/ids/25707965-184-184/20215621.jpg?v=638121862497130000,SAN FERNANDO,Pierna de Pollo Congelado SAN FERNANDO x kg,S/ 13.50 x kg,plazavea,"Carnes, aves y pescados"
https://plazavea.vteximg.com.br/arquivos/ids/25707964-184-184/20193757.jpg?v=638121862029200000,SAN FERNANDO,Pechuga de Pollo con Alas Congelado SAN FERNAN...,S/ 13.90 x kg,plazavea,"Carnes, aves y pescados"
https://plazavea.vteximg.com.br/arquivos/ids/1588256-184-184/20220320.jpg?v=637562940046270000,SAN FERNANDO,Sasami de Pollo Empacada al vacío SAN FERNANDO,S/ 24.90 x kg,plazavea,"Carnes, aves y pescados"
https://plazavea.vteximg.com.br/arquivos/ids/1874912-184-184/20220312.jpg?v=637588662149500000,SAN FERNANDO,Hígado de pollo Empacada al vacío SAN FERNANDO,S/ 8.90 x kg,plazavea,"Carnes, aves y pescados"
https://plazavea.vteximg.com.br/arquivos/ids/1874910-184-184/20220323.jpg?v=637588662110070000,SAN FERNANDO,Patas de Pollo Empacada al vacío SAN FERNANDO,S/ 7.90 x kg,plazavea,"Carnes, aves y pescados"
https://plazavea.vteximg.com.br/arquivos/ids/1588232-184-184/20220315.jpg?v=637562935015600000,SAN FERNANDO,Pierna de Pollo Empacada al vacío SAN FERNANDO,S/ 15.90 x kg,plazavea,"Carnes, aves y pescados"
https://plazavea.vteximg.com.br/arquivos/ids/16381016-184-184/980287.jpg?v=637970148348000000,PLAZA VEA,Chuleta de Pierna de Cerdo sin Piel,S/ 19.90 x kg,plazavea,"Carnes, aves y pescados"
https://plazavea.vteximg.com.br/arquivos/ids/27363566-184-184/20328449.jpg?v=638276836943000000,FRIGON,Picaña FRIGON x kg,S/ 59.90 x kg,plazavea,"Carnes, aves y pescados"
https://plazavea.vteximg.com.br/arquivos/ids/26975559-184-184/20257343.jpg?v=638247756077670000,PESCANOVA,Porciones de Bonito con Piel PESCANOVA Bolsa 5...,S/ 10.50 un,plazavea,"Carnes, aves y pescados"
https://plazavea.vteximg.com.br/arquivos/ids/13638865-184-184/20281156.jpg?v=637928643179170000,LA COLONIA,Carne Molida Especial de Res LA COLONIA x kg,S/ 28.90 x kg,plazavea,"Carnes, aves y pescados"
https://plazavea.vteximg.com.br/arquivos/ids/1588258-184-184/20220327.jpg?v=637562940392600000,SAN FERNANDO,Filete Pierna Pollo Sin Piel Empacada al vacío...,S/ 22.90 x kg,plazavea,"Carnes, aves y pescados"
https://plazavea.vteximg.com.br/arquivos/ids/1588252-184-184/20220309.jpg?v=637562939120500000,SAN FERNANDO,Molleja de Pollo Empacada al vacío SAN FERNAND...,S/ 13.90 x kg,plazavea,"Carnes, aves y pescados"
https://plazavea.vteximg.com.br/arquivos/ids/1874908-184-184/20220317.jpg?v=637588662030900000,SAN FERNANDO,Corazón de Pollo Empacada al vacío SAN FERNAND...,S/ 12.90 x kg,plazavea,"Carnes, aves y pescados"
https://plazavea.vteximg.com.br/arquivos/ids/1588238-184-184/20220326.jpg?v=637562936122700000,SAN FERNANDO,Ala de Pollo Empacada al vacío SAN FERNANDO,S/ 14.90 x kg,plazavea,"Carnes, aves y pescados"
https://plazavea.vteximg.com.br/arquivos/ids/518429-184-184/20102610.jpg?v=637417675767200000,PLAZA VEA,Mondongo Italiano,S/ 12.50 x kg,plazavea,"Carnes, aves y pescados"
https://plazavea.vteximg.com.br/arquivos/ids/518443-184-184/966797.jpg?v=637417676194970000,PLAZA VEA,Chuleta de Lomo de Cerdo con Piel,S/ 22.90 x kg,plazavea,"Carnes, aves y pescados"
https://plazavea.vteximg.com.br/arquivos/ids/27363474-184-184/20123113.jpg?v=638276834561200000,EL BUEN CORTE,Bife de Lomo de Cerdo EL BUEN CORTE,S/ 28.90 x kg,plazavea,"Carnes, aves y pescados"
https://plazavea.vteximg.com.br/arquivos/ids/658438-184-184/73967.jpg?v=637455458828230000,EL BUEN CORTE,Osobuco de Res,S/ 25.90 x kg,plazavea,"Carnes, aves y pescados"
https://plazavea.vteximg.com.br/arquivos/ids/168072-184-184/20078779.jpg?v=635769947649100000,BELL'S,Porciones de Perico BELL'S Bolsa 500g,S/ 24.90 un,plazavea,"Carnes, aves y pescados"
https://plazavea.vteximg.com.br/arquivos/ids/518411-184-184/20080149.jpg?v=637417675180400000,PLAZA VEA,Chanfainita de Res,S/ 11.90 x kg,plazavea,"Carnes, aves y pescados"
https://plazavea.vteximg.com.br/arquivos/ids/27363568-184-184/20328445.jpg?v=638276836985300000,FRIGON,Bife Angosto FRIGON x kg,S/ 37.90 x kg,plazavea,"Carnes, aves y pescados"
https://plazavea.vteximg.com.br/arquivos/ids/27174051-184-184/20356147.jpg?v=638258690898000000,FRIGON,Bife al Vacío FRIGON x kg,S/ 38.90 x kg,plazavea,"Carnes, aves y pescados"
https://plazavea.vteximg.com.br/arquivos/ids/27173991-184-184/20328469.jpg?v=638258689934530000,FRIGON,Bife Ancho FRIGON x kg,S/ 41.90 x kg,plazavea,"Carnes, aves y pescados"
https://plazavea.vteximg.com.br/arquivos/ids/27173992-184-184/20328446.jpg?v=638258689977630000,PLAZA VEA,Lomo Fino Porcionado FRIGON x kg,S/ 59.90 x kg,plazavea,"Carnes, aves y pescados"
https://plazavea.vteximg.com.br/arquivos/ids/27524771-184-184/20235354.jpg?v=638306520964770000,ARTISAN,Pollo Entero ARTISAN Libre de Antibióticos x k...,S/ 16.90 x kg,plazavea,"Carnes, aves y pescados"
https://plazavea.vteximg.com.br/arquivos/ids/1874906-184-184/20220328.jpg?v=637588661922870000,SAN FERNANDO,Espinazo de pollo Empacada al vacío SAN FERNAN...,S/ 8.90 x kg,plazavea,"Carnes, aves y pescados"
https://plazavea.vteximg.com.br/arquivos/ids/443982-184-184/20149786.jpg?v=637389226735200000,PLAZA VEA,Medallones de Atún Congelado Bolsa 1Kg,S/ 49.99 un,plazavea,"Carnes, aves y pescados"
https://plazavea.vteximg.com.br/arquivos/ids/26761483-184-184/20198450.jpg?v=638229316068200000,SAN FERNANDO,Pollo Sazón Brasa SAN FERNANDO Bolsa 1.4Kg,S/ 19.90 un,plazavea,"Carnes, aves y pescados"
https://plazavea.vteximg.com.br/arquivos/ids/19996548-184-184/20183685.jpg?v=638017646171100000,PESCANOVA,Perico en Porciones PESCANOVA Congelado Bolsa ...,S/ 14.90 un,plazavea,"Carnes, aves y pescados"
https://plazavea.vteximg.com.br/arquivos/ids/2188269-184-184/20103892.jpg?v=637636012993030000,SAN FERNANDO,El Bistecito SAN FERNANDO Bolsa 4un,S/ 9.90 un,plazavea,"Carnes, aves y pescados"
https://plazavea.vteximg.com.br/arquivos/ids/27363512-184-184/20168644.jpg?v=638276835621200000,EL BUEN CORTE,Malaya de Res EL BUEN CORTE,S/ 34.50 x kg,plazavea,"Carnes, aves y pescados"
https://plazavea.vteximg.com.br/arquivos/ids/27363514-184-184/20168643.jpg?v=638276835699000000,EL BUEN CORTE,Cuadril de Cadera de Res EL BUEN CORTE,S/ 52.90 x kg,plazavea,"Carnes, aves y pescados"
https://plazavea.vteximg.com.br/arquivos/ids/794035-184-184/20116121.jpg?v=637487475528130000,LA FLORENCIA,Hamburguesa Casera de Res LA FLORENCIA,S/ 19.90 x kg,plazavea,"Carnes, aves y pescados"
https://plazavea.vteximg.com.br/arquivos/ids/259512-184-184/20124486.jpg?v=637078816531670000,REDONDOS,Filete de Pechuga de Pollo Criollo REDONDOS Bo...,S/ 17.50 un,plazavea,"Carnes, aves y pescados"
https://plazavea.vteximg.com.br/arquivos/ids/27363440-184-184/73966.jpg?v=638276833601770000,PLAZA VEA,Asado de Tira de Res,S/ 36.90 x kg,plazavea,"Carnes, aves y pescados"
https://plazavea.vteximg.com.br/arquivos/ids/19996146-184-184/65148.jpg?v=638017643525800000,PLAZA VEA,Filete de Pechuga de Pavita,S/ 25.90 x kg,plazavea,"Carnes, aves y pescados"
https://plazavea.vteximg.com.br/arquivos/ids/19996147-184-184/20025584.jpg?v=638017643555670000,PLAZA VEA,Filete de Muslo de Pavita,S/ 24.90 x kg,plazavea,"Carnes, aves y pescados"
https://plazavea.vteximg.com.br/arquivos/ids/730920-184-184/52715.jpg?v=637479664096100000,PLAZA VEA,Pollo Fresco Light Sin Piel,S/ 14.70 x kg,plazavea,"Carnes, aves y pescados"
https://plazavea.vteximg.com.br/arquivos/ids/28651503-184-184/20390080.jpg?v=638412811707270000,DOM PORQUITO,Lomito Fino de Cerdo DOM PORQUITO x kg,S/ 27.90 x kg,plazavea,"Carnes, aves y pescados"
https://plazavea.vteximg.com.br/arquivos/ids/27178938-184-184/20328454.jpg?v=638260698439470000,FRIGON,Colita de Cuadril FRIGON x kg,S/ 42.90 x kg,plazavea,"Carnes, aves y pescados"
https://plazavea.vteximg.com.br/arquivos/ids/27174049-184-184/20356149.jpg?v=638258690815370000,FRIGON,Chingolo de Res FRIGON x kg,S/ 24.90 x kg,plazavea,"Carnes, aves y pescados"
https://plazavea.vteximg.com.br/arquivos/ids/27173987-184-184/20328303.jpg?v=638258689718100000,FRIGON,Bola de Lomo Porcionado FRIGON x Kg,S/ 34.90 x kg,plazavea,"Carnes, aves y pescados"
https://plazavea.vteximg.com.br/arquivos/ids/27146280-184-184/20352670.jpg?v=638255235636670000,REDONDOS,REDONDOS Cerdo Sabor Adobo Bolsa 530g,S/ 22.50 un,plazavea,"Carnes, aves y pescados"
https://plazavea.vteximg.com.br/arquivos/ids/26975558-184-184/20212681.jpg?v=638247756040230000,UMIFOODS,Porciones de Salmón sin Piel UMIFOODS Bolsa 1K...,S/ 52.90 un,plazavea,"Carnes, aves y pescados"
https://plazavea.vteximg.com.br/arquivos/ids/25665651-184-184/20207676.jpg?v=638103764644730000,AZUL MARINO,Langostinos Crudos AZUL MARINO Bolsa 300g,S/ 19.90 un,plazavea,"Carnes, aves y pescados"
https://plazavea.vteximg.com.br/arquivos/ids/10050692-184-184/20271595.jpg?v=637859394282700000,SANTA PRISCILA,Nuggets de Tilapia SANTA PRISCILA Bolsa 454g,S/ 19.90 un,plazavea,"Carnes, aves y pescados"
https://plazavea.vteximg.com.br/arquivos/ids/1588242-184-184/20220325.jpg?v=637562936990970000,SAN FERNANDO,Pierna Especial de Pollo Empacada al vacío SAN...,S/ 15.49 x kg,plazavea,"Carnes, aves y pescados"
https://plazavea.vteximg.com.br/arquivos/ids/585977-184-184/20206682.jpg?v=637435939973470000,ARTISAN,Muslitos de Pollo ARTISAN Libre de Antibiótico...,S/ 26.90 x kg,plazavea,"Carnes, aves y pescados"
https://plazavea.vteximg.com.br/arquivos/ids/585976-184-184/20206723.jpg?v=637435939651630000,ARTISAN,Filete de Pechuga de Pollo ARTISAN Libre de An...,S/ 38.90 x kg,plazavea,"Carnes, aves y pescados"
https://plazavea.vteximg.com.br/arquivos/ids/585970-184-184/20206737.jpg?v=637435938431000000,ARTISAN,Sasami de Pollo ARTISAN Libre de Antibióticos ...,S/ 41.80 x kg,plazavea,"Carnes, aves y pescados"
https://plazavea.vteximg.com.br/arquivos/ids/585778-184-184/20206784.jpg?v=637435934465100000,UMIFOODS,Medallones de Tollo Azul UMI FOODS Bolsa 500g,S/ 20.50 un,plazavea,"Carnes, aves y pescados"
https://plazavea.vteximg.com.br/arquivos/ids/13638344-184-184/20193059.jpg?v=637928642028570000,LA COLONIA,Malaya LA COLONIA x kg,S/ 31.90 x kg,plazavea,"Carnes, aves y pescados"
https://plazavea.vteximg.com.br/arquivos/ids/16847315-184-184/20145739.jpg?v=637975297383300000,BELL'S,Langostino Cocido Pelado BELL'S 61/70 Chico Bo...,S/ 21.50 un,plazavea,"Carnes, aves y pescados"
https://plazavea.vteximg.com.br/arquivos/ids/25828682-184-184/20145736.jpg?v=638131685029500000,BELL'S,Langostino Cocido Pelado BELL'S 21/30 Grande B...,S/ 21.50 un,plazavea,"Carnes, aves y pescados"
https://plazavea.vteximg.com.br/arquivos/ids/518599-184-184/20145784.jpg?v=637417682090570000,REDONDOS,Pollada Criolla REDONDOS Media Pechuga y Piern...,S/ 16.90 un,plazavea,"Carnes, aves y pescados"
https://plazavea.vteximg.com.br/arquivos/ids/259511-184-184/20124485.jpg?v=637078816528630000,REDONDOS,Filete de Pechuga de Pollo Oriental REDONDOS B...,S/ 17.50 un,plazavea,"Carnes, aves y pescados"
https://plazavea.vteximg.com.br/arquivos/ids/27363494-184-184/20123116.jpg?v=638276835089230000,EL BUEN CORTE,Guiso de Cerdo Nacional Fresco x kg,S/ 28.90 x kg,plazavea,"Carnes, aves y pescados"
https://plazavea.vteximg.com.br/arquivos/ids/27363480-184-184/20123114.jpg?v=638276834732100000,EL BUEN CORTE,Bondiola de Cerdo EL BUEN CORTE,S/ 36.90 x kg,plazavea,"Carnes, aves y pescados"
https://plazavea.vteximg.com.br/arquivos/ids/27363478-184-184/20123115.jpg?v=638276834679930000,EL BUEN CORTE,Lomito Fino de Cerdo EL BUEN CORTE,S/ 37.90 x kg,plazavea,"Carnes, aves y pescados"
https://plazavea.vteximg.com.br/arquivos/ids/378558-184-184/20081390.jpg?v=637328691955630000,REDONDOS,Alitas Sazonadas REDONDOS Buffalo Wings Caja 4...,S/ 15.70 un,plazavea,"Carnes, aves y pescados"
https://plazavea.vteximg.com.br/arquivos/ids/518393-184-184/20099390.jpg?v=637417674537900000,EL BUEN CORTE,Albóndiga de Res EL BUEN CORTE,S/ 26.90 x kg,plazavea,"Carnes, aves y pescados"
https://plazavea.vteximg.com.br/arquivos/ids/179179-184-184/20082847.jpg?v=635909128617800000,SAN FERNANDO,Enrollado de Bondiola de Cerdo SAN FERNANDO,S/ 29.90 x kg,plazavea,"Carnes, aves y pescados"
https://plazavea.vteximg.com.br/arquivos/ids/518415-184-184/73949.jpg?v=637417675315870000,PLAZA VEA,Churrasco Largo de Res,S/ 36.90 x kg,plazavea,"Carnes, aves y pescados"
https://plazavea.vteximg.com.br/arquivos/ids/404036-184-184/91652.jpg?v=637348517083500000,AQUA,Filete de Tilapia Premium AQUA,S/ 59.90 x kg,plazavea,"Carnes, aves y pescados"
https://plazavea.vteximg.com.br/arquivos/ids/563423-184-184/93583.jpg?v=637429732604000000,REDONDOS,Baby Chicken Congelado REDONDOS,S/ 15.80 un,plazavea,"Carnes, aves y pescados"
https://plazavea.vteximg.com.br/arquivos/ids/28514598-184-184/20353526.jpg?v=638373227689630000,GOVIMAR,Tubo de Camalar Gigante Congelado GOVIMAR Bols...,S/ 7.50 un,plazavea,"Carnes, aves y pescados"
https://plazavea.vteximg.com.br/arquivos/ids/27174050-184-184/20356151.jpg?v=638258690854600000,FRIGON,Corazón de Cuadril Porcionado FRIGON x kg,S/ 43.90 x kg,plazavea,"Carnes, aves y pescados"
https://plazavea.vteximg.com.br/arquivos/ids/28740548-184-184/20355273.jpg?v=638431255231500000,HIBERO,Mix Seafood con Pulpo HIBERO Bolsa 340g,S/ 10.99 un,plazavea,"Carnes, aves y pescados"
https://plazavea.vteximg.com.br/arquivos/ids/28740458-184-184/20353528.jpg?v=638431254857700000,HIBERO,Chicharrón de Maricos Empanizados HIBERO Bolsa...,S/ 10.90 un,plazavea,"Carnes, aves y pescados"
https://plazavea.vteximg.com.br/arquivos/ids/27033138-184-184/20353525.jpg?v=638248329805130000,A1,Anillas de Calamar Gigante A1 Bolsa 350g,S/ 12.72 un,plazavea,"Carnes, aves y pescados"
https://plazavea.vteximg.com.br/arquivos/ids/25665617-184-184/20208188.jpg?v=638103733144300000,SAN FERNANDO,Pavitas con Ala Congelada x kg,S/ 12.90 x kg,plazavea,"Carnes, aves y pescados"
https://plazavea.vteximg.com.br/arquivos/ids/12368453-184-184/20280845.jpg?v=637902724238400000,REDONDOS,Chuleta de Lomo REDONDOS Duroc x kg,S/ 30.90 x kg,plazavea,"Carnes, aves y pescados"
https://plazavea.vteximg.com.br/arquivos/ids/26761514-184-184/20280540.jpg?v=638229317927500000,SANTA PRISCILA,Langostinos Pelado y Desvenado Grandes SANTA P...,S/ 29.90 un,plazavea,"Carnes, aves y pescados"
https://plazavea.vteximg.com.br/arquivos/ids/9716877-184-184/20271539.jpg?v=637853253166100000,PESCANOVA,Palitos de Merluza PESCANOVA Bolsa 300g,S/ 14.90 un,plazavea,"Carnes, aves y pescados"
https://plazavea.vteximg.com.br/arquivos/ids/585974-184-184/20206702.jpg?v=637435939329200000,ARTISAN,Alita de Pollo ARTISAN Libre de Antibióticos x...,S/ 24.90 x kg,plazavea,"Carnes, aves y pescados"
https://plazavea.vteximg.com.br/arquivos/ids/585969-184-184/20206727.jpg?v=637435938038130000,ARTISAN,Filete de Pierna sin Piel ARTISAN Libre de Ant...,S/ 36.40 x kg,plazavea,"Carnes, aves y pescados"
https://plazavea.vteximg.com.br/arquivos/ids/585967-184-184/20206732.jpg?v=637435937444270000,AVINKA,Carne Molida de Pollo AVINKA,S/ 23.50 x kg,plazavea,"Carnes, aves y pescados"
https://plazavea.vteximg.com.br/arquivos/ids/519725-184-184/20206121.jpg?v=637417815886230000,AZUL MARINO,Pulpa de Langostino AZUL MARINO Bolsa 200g,S/ 9.90 un,plazavea,"Carnes, aves y pescados"
https://plazavea.vteximg.com.br/arquivos/ids/702158-184-184/20198671.jpg?v=637469302080800000,PESCANOVA,Anillas de Calamar Empanizadas PESCANOVA Bolsa...,S/ 17.49 un,plazavea,"Carnes, aves y pescados"
https://plazavea.vteximg.com.br/arquivos/ids/518607-184-184/20189495.jpg?v=637417682338270000,REDONDOS,Piernas y Muslos Aderezo Oriental REDONDOS Bol...,S/ 14.50 un,plazavea,"Carnes, aves y pescados"
https://plazavea.vteximg.com.br/arquivos/ids/518610-184-184/20189494.jpg?v=637417682433570000,REDONDOS,Piernas y Muslos Aderezo Criollo REDONDOS Bols...,S/ 14.50 un,plazavea,"Carnes, aves y pescados"
https://plazavea.vteximg.com.br/arquivos/ids/521884-184-184/20139070.jpg?v=637418423905370000,BELL'S,Porciones de Pez Espada BELL'S Bolsa 400g,S/ 24.90 un,plazavea,"Carnes, aves y pescados"
https://plazavea.vteximg.com.br/arquivos/ids/377210-184-184/20138601.jpg?v=637326971603930000,EL AVIADOR,Alitas de Pollo Buffalo Maceradas EL AVIADOR B...,S/ 23.90 un,plazavea,"Carnes, aves y pescados"
https://plazavea.vteximg.com.br/arquivos/ids/196176-184-184/20138600.jpg?v=636574102572400000,EL AVIADOR,Alitas Maceradas BBQ EL AVIADOR Bolsa 16un,S/ 23.90 un,plazavea,"Carnes, aves y pescados"
https://plazavea.vteximg.com.br/arquivos/ids/19995997-184-184/20130008.jpg?v=638017642312900000,UMIFOODS,Langostinos Precocidos con Panko UMI FOODS Bol...,S/ 25.90 un,plazavea,"Carnes, aves y pescados"
https://plazavea.vteximg.com.br/arquivos/ids/27363490-184-184/20087568.jpg?v=638276834968430000,EL BUEN CORTE,Asado de Cerdo EL BUEN CORTE,S/ 30.90 x kg,plazavea,"Carnes, aves y pescados"
https://plazavea.vteximg.com.br/arquivos/ids/5882918-184-184/20124484.jpg?v=637786603838570000,REDONDOS,Pollada Criolla REDONDOS Pierna con Encuentro ...,S/ 14.50 un,plazavea,"Carnes, aves y pescados"
https://plazavea.vteximg.com.br/arquivos/ids/518444-184-184/20018857.jpg?v=637417676227630000,PLAZA VEA,Panceta de Cerdo con Hueso con Piel Congelado ...,S/ 35.90 x kg,plazavea,"Carnes, aves y pescados"
https://plazavea.vteximg.com.br/arquivos/ids/27431513-184-184/20098015.jpg?v=638288929723300000,OREGON FOODS,Albóndigas de Carne de Res RANCHERAS Bolsa 600...,S/ 25.90 un,plazavea,"Carnes, aves y pescados"
https://plazavea.vteximg.com.br/arquivos/ids/404079-184-184/20082790.jpg?v=637348520791600000,SAN FERNANDO,Medallón de Lomo de Cerdo SAN FERNANDO,S/ 31.90 x kg,plazavea,"Carnes, aves y pescados"
https://plazavea.vteximg.com.br/arquivos/ids/178668-184-184/20019465.jpg?v=635909118239030000,PLAZA VEA,Filete de Trucha Congelado,S/ 49.90 x kg,plazavea,"Carnes, aves y pescados"
https://plazavea.vteximg.com.br/arquivos/ids/19995882-184-184/20053652.jpg?v=638017641712970000,PLAZA VEA,Filete de Trucha Fresco,S/ 49.90 x kg,plazavea,"Carnes, aves y pescados"
https://plazavea.vteximg.com.br/arquivos/ids/27363500-184-184/20016435.jpg?v=638276835268770000,EL BUEN CORTE,Pernil de Cerdo EL BUEN CORTE,S/ 18.90 x kg,plazavea,"Carnes, aves y pescados"
https://plazavea.vteximg.com.br/arquivos/ids/518394-184-184/970714.jpg?v=637417674574200000,LA FLORENCIA,Hamburguesa de Res Premium LA FLORENCIA,S/ 25.90 x kg,plazavea,"Carnes, aves y pescados"
https://plazavea.vteximg.com.br/arquivos/ids/27363432-184-184/94797.jpg?v=638276833416770000,EL BUEN CORTE,Colita de Cuadril de Res EL BUEN CORTE,S/ 52.90 x kg,plazavea,"Carnes, aves y pescados"
https://plazavea.vteximg.com.br/arquivos/ids/27363418-184-184/100339.jpg?v=638276833074400000,EL BUEN CORTE,Entraña Fina de Res EL BUEN CORTE,S/ 54.90 x kg,plazavea,"Carnes, aves y pescados"
https://plazavea.vteximg.com.br/arquivos/ids/28651504-184-184/20390090.jpg?v=638412811730070000,DOM PORQUITO,Picaña de Cerdo DOM PORQUITO x kg,S/ 26.90 x kg,plazavea,"Carnes, aves y pescados"
https://plazavea.vteximg.com.br/arquivos/ids/28651502-184-184/20390089.jpg?v=638412811684330000,DOM PORQUITO,Tira de Panceta de Cerdo Rocambole con Piel DO...,S/ 25.90 x kg,plazavea,"Carnes, aves y pescados"
https://plazavea.vteximg.com.br/arquivos/ids/28740327-184-184/20353527.jpg?v=638431254535700000,HIBERO,Anillas de Calamar Empanizadas HIBERO Bolsa 30...,S/ 14.99 un,plazavea,"Carnes, aves y pescados"
https://plazavea.vteximg.com.br/arquivos/ids/25691184-184-184/20258312.jpg?v=638110081409400000,PISCIS,Filete de Trucha Premium Congelado PISCIS,S/ 53.50 x kg,plazavea,"Carnes, aves y pescados"
https://plazavea.vteximg.com.br/arquivos/ids/23552336-184-184/20326051.jpg?v=638068608793070000,ANGUS,Picaña Americana ANGUS SELECTION x kg,S/ 109.90 x kg,plazavea,"Carnes, aves y pescados"
https://plazavea.vteximg.com.br/arquivos/ids/23552333-184-184/20326052.jpg?v=638068608671300000,ANGUS,Entraña Fina Americana ANGUS SELECTION x kg,S/ 184.90 x kg,plazavea,"Carnes, aves y pescados"
https://plazavea.vteximg.com.br/arquivos/ids/12368455-184-184/20280856.jpg?v=637902724294370000,REDONDOS,Tira de Panceta sin Piel REDONDOS Duroc x kg,S/ 39.90 x kg,plazavea,"Carnes, aves y pescados"
https://plazavea.vteximg.com.br/arquivos/ids/12368452-184-184/20280862.jpg?v=637902724210600000,REDONDOS,Tomahawk de Cerdo REDONDOS Duroc x kg,S/ 42.50 x kg,plazavea,"Carnes, aves y pescados"
https://plazavea.vteximg.com.br/arquivos/ids/2354226-184-184/20237902.jpg?v=637665801459370000,AZUL MARINO,Conchas de Abanico AZUL MARINO Media Valva Bol...,S/ 19.90 un,plazavea,"Carnes, aves y pescados"
https://plazavea.vteximg.com.br/arquivos/ids/585968-184-184/20206700.jpg?v=637435937769070000,ARTISAN,Piernitas de Pollo ARTISAN Libre de Antibiótic...,S/ 26.50 x kg,plazavea,"Carnes, aves y pescados"
https://plazavea.vteximg.com.br/arquivos/ids/19996718-184-184/20206780.jpg?v=638017647330330000,VADIMAR,Porciones de Salmón VADIMAR Bolsa 500g,S/ 52.50 un,plazavea,"Carnes, aves y pescados"
https://plazavea.vteximg.com.br/arquivos/ids/702157-184-184/20198672.jpg?v=637469302051270000,PESCANOVA,Anillas de Calamar Rebozadas PESCANOVA Bolsa 5...,S/ 15.50 un,plazavea,"Carnes, aves y pescados"
https://plazavea.vteximg.com.br/arquivos/ids/646610-184-184/20190170.jpg?v=637443540934370000,BIG RANCH,Colita de Cuadril Americana BIG RANCH,S/ 89.90 x kg,plazavea,"Carnes, aves y pescados"
https://plazavea.vteximg.com.br/arquivos/ids/13638310-184-184/20193036.jpg?v=637928641965070000,LA COLONIA,Guiso Especial LA COLONIA x kg,S/ 39.90 x kg,plazavea,"Carnes, aves y pescados"
https://plazavea.vteximg.com.br/arquivos/ids/13638393-184-184/20193066.jpg?v=637928642131670000,LA COLONIA,Lomo Fino LA COLONIA x kg,S/ 84.90 x kg,plazavea,"Carnes, aves y pescados"
https://plazavea.vteximg.com.br/arquivos/ids/13638282-184-184/20193047.jpg?v=637928641905300000,LA COLONIA,Asado de Tira sin Hueso LA COLONIA x kg,S/ 36.90 x kg,plazavea,"Carnes, aves y pescados"
https://plazavea.vteximg.com.br/arquivos/ids/518609-184-184/20189497.jpg?v=637417682400430000,REDONDOS,Piernas y Muslos Aderezo Estofado REDONDOS Bol...,S/ 14.50 un,plazavea,"Carnes, aves y pescados"
https://plazavea.vteximg.com.br/arquivos/ids/27363496-184-184/20087572.jpg?v=638276835134530000,EL BUEN CORTE,Panceta Sin Piel EL BUEN CORTE,S/ 36.90 x kg,plazavea,"Carnes, aves y pescados"
https://plazavea.vteximg.com.br/arquivos/ids/726849-184-184/20146136.jpg?v=637478769756830000,PESCANOVA,Langostino Crudo Pelado PESCANOVA Bolsa 300g,S/ 22.90 un,plazavea,"Carnes, aves y pescados"
https://plazavea.vteximg.com.br/arquivos/ids/197620-184-184/20138602.jpg?v=636625048598030000,EL AVIADOR,Alitas Orientales Maceradas EL AVIADOR Bolsa 1...,S/ 23.90 un,plazavea,"Carnes, aves y pescados"
https://plazavea.vteximg.com.br/arquivos/ids/1488440-184-184/20085708.jpg?v=637544512763730000,PLAZA VEA,Asado de Lomo Enrollado,S/ 24.90 x kg,plazavea,"Carnes, aves y pescados"
https://plazavea.vteximg.com.br/arquivos/ids/197614-184-184/20132845.jpg?v=636625048567570000,URUBEEF,Colita de Cuadril URUBEEF,S/ 62.90 x kg,plazavea,"Carnes, aves y pescados"
https://plazavea.vteximg.com.br/arquivos/ids/197618-184-184/20132842.jpg?v=636625048585600000,URUBEEF,Bife Angosto URUBEEF,S/ 85.99 x kg,plazavea,"Carnes, aves y pescados"
https://plazavea.vteximg.com.br/arquivos/ids/27363424-184-184/20109390.jpg?v=638276833213930000,EL BUEN CORTE,Asado de Pejerrey de Ternera EL BUEN CORTE,S/ 59.90 x kg,plazavea,"Carnes, aves y pescados"
https://plazavea.vteximg.com.br/arquivos/ids/404082-184-184/20082848.jpg?v=637348520867530000,SAN FERNANDO,Pulpa de Pierna de Cerdo SAN FERNANDO,S/ 35.90 x kg,plazavea,"Carnes, aves y pescados"
https://plazavea.vteximg.com.br/arquivos/ids/19995850-184-184/20085771.jpg?v=638017641542430000,PLAZA VEA,Filete de Salmón Congelado,S/ 76.90 x kg,plazavea,"Carnes, aves y pescados"
https://plazavea.vteximg.com.br/arquivos/ids/19996144-184-184/980310.jpg?v=638017643467270000,PLAZA VEA,Bife de Lomo de Cerdo,S/ 26.90 x kg,plazavea,"Carnes, aves y pescados"
https://plazavea.vteximg.com.br/arquivos/ids/28324483-184-184/20165.jpg?v=638355555760870000,SAN FERNANDO,Enrollado de Pavita SAN FERNANDO Americano uni...,S/ 46.90 un,plazavea,"Carnes, aves y pescados"
https://plazavea.vteximg.com.br/arquivos/ids/27363460-184-184/100340.jpg?v=638276834133830000,EL BUEN CORTE,Bife de Vacío de Res EL BUEN CORTE,S/ 49.90 x kg,plazavea,"Carnes, aves y pescados"
https://plazavea.vteximg.com.br/arquivos/ids/27178936-184-184/20328306.jpg?v=638260697318200000,FRIGON,Asado Cuadrado Porcionado FRIGON x kg,S/ 33.90 x kg,plazavea,"Carnes, aves y pescados"
https://plazavea.vteximg.com.br/arquivos/ids/26051031-184-184/20349709.jpg?v=638163449286900000,EL REY DEL PULPO,Tentáculos de Pulpo Cocido EL REY DEL PULPO x ...,S/ 59.90 un,plazavea,"Carnes, aves y pescados"
https://plazavea.vteximg.com.br/arquivos/ids/26011180-184-184/20328791.jpg?v=638151319765030000,DOLORES,Cubitos de Atún DOLORES Aleta Amarilla Bolsa 2...,S/ 19.50 un,plazavea,"Carnes, aves y pescados"
https://plazavea.vteximg.com.br/arquivos/ids/26011179-184-184/20328792.jpg?v=638151319386630000,DOLORES,Filete de Atún DOLORES Costra de Ajonjolí Bols...,S/ 36.90 un,plazavea,"Carnes, aves y pescados"
https://plazavea.vteximg.com.br/arquivos/ids/25718496-184-184/20328400.jpg?v=638127996580300000,SAN FERNANDO,Costillas St Louis de Cerdo SAN FERNANDO Sabor...,S/ 38.90 x kg,plazavea,"Carnes, aves y pescados"
https://plazavea.vteximg.com.br/arquivos/ids/24440693-184-184/20326657.jpg?v=638083094507230000,SALAS,Alitas de Pollo Char Siu SALAS Alitas Macerada...,S/ 31.49 un,plazavea,"Carnes, aves y pescados"
https://plazavea.vteximg.com.br/arquivos/ids/23935583-184-184/20280541.jpg?v=638074657331570000,AZUL MARINO,Mixtura de Mariscos x kg,S/ 32.50 x kg,plazavea,"Carnes, aves y pescados"
https://plazavea.vteximg.com.br/arquivos/ids/12368422-184-184/20280844.jpg?v=637902724119930000,REDONDOS,Tira de Panceta con Piel REDONDOS Duroc x kg,S/ 38.90 x kg,plazavea,"Carnes, aves y pescados"
https://plazavea.vteximg.com.br/arquivos/ids/12368331-184-184/20280860.jpg?v=637902724003300000,REDONDOS,Bondiola de Cerdo REDONDOS Duroc x kg,S/ 35.50 x kg,plazavea,"Carnes, aves y pescados"
https://plazavea.vteximg.com.br/arquivos/ids/10050606-184-184/20271597.jpg?v=637859393936830000,SANTA PRISCILA,Langostino Apanado SANTA PRISCILA Bolsa 454g,S/ 32.90 un,plazavea,"Carnes, aves y pescados"
https://plazavea.vteximg.com.br/arquivos/ids/9767615-184-184/20277614.jpg?v=637854104564330000,PESCANOVA,Peskitos de Merluza PESCANOVA Bolsa 300g,S/ 18.50 un,plazavea,"Carnes, aves y pescados"
https://plazavea.vteximg.com.br/arquivos/ids/19996716-184-184/20206291.jpg?v=638017647272030000,AZUL MARINO,Anillas de Calamar + Tentáculo AZUL MARINO Bol...,S/ 14.90 un,plazavea,"Carnes, aves y pescados"
https://plazavea.vteximg.com.br/arquivos/ids/25835378-184-184/20206123.jpg?v=638132704788330000,AZUL MARINO,Langostinos Precocidos AZUL MARINO Bolsa 300g,S/ 29.90 un,plazavea,"Carnes, aves y pescados"
https://plazavea.vteximg.com.br/arquivos/ids/13638377-184-184/20193069.jpg?v=637928642102500000,LA COLONIA,Bicteck LA COLONIA x kg,S/ 40.90 x kg,plazavea,"Carnes, aves y pescados"
https://plazavea.vteximg.com.br/arquivos/ids/13638234-184-184/20193045.jpg?v=637928641806230000,LA COLONIA,Bife de Vacío LA COLONIA x kg,S/ 45.90 x kg,plazavea,"Carnes, aves y pescados"
https://plazavea.vteximg.com.br/arquivos/ids/13638327-184-184/20193052.jpg?v=637928641993870000,LA COLONIA,Bife Angosto LA COLONIA x kg,S/ 49.90 x kg,plazavea,"Carnes, aves y pescados"
https://plazavea.vteximg.com.br/arquivos/ids/13638423-184-184/20193063.jpg?v=637928642198830000,LA COLONIA,Lomito Saltado LA COLONIA x kg,S/ 37.90 x kg,plazavea,"Carnes, aves y pescados"
https://plazavea.vteximg.com.br/arquivos/ids/13638265-184-184/20193044.jpg?v=637928641870470000,LA COLONIA,Bife Ancho LA COLONIA x kg,S/ 49.90 x kg,plazavea,"Carnes, aves y pescados"
https://plazavea.vteximg.com.br/arquivos/ids/6598317-184-184/20112259.jpg?v=637802043435570000,LAS NORAS,Lomo Fino de Res LAS NORAS,S/ 143.49 x kg,plazavea,"Carnes, aves y pescados"
https://plazavea.vteximg.com.br/arquivos/ids/404077-184-184/20082796.jpg?v=637348520751530000,SAN FERNANDO,Solomillo de Cerdo SAN FERNANDO,S/ 41.90 x kg,plazavea,"Carnes, aves y pescados"
https://plazavea.vteximg.com.br/arquivos/ids/23935581-184-184/261500.jpg?v=638074657235330000,PLAZA VEA,Cangrejo x un,S/ 4.20 un,plazavea,"Carnes, aves y pescados"
https://plazavea.vteximg.com.br/arquivos/ids/28722534-184-184/20220600.jpg?v=638424107072730000,COOL,Langostino Pelado y Desvenado Jumbo SANTA PRIS...,S/ 49.99 un,plazavea,"Carnes, aves y pescados"
https://plazavea.vteximg.com.br/arquivos/ids/28638154-184-184/20392878.jpg?v=638405336941370000,SEAFROST,Filete de Pez Roca SEAFROST Bolsa 450g,S/ 17.90 un,plazavea,"Carnes, aves y pescados"
https://plazavea.vteximg.com.br/arquivos/ids/27608203-184-184/20357985.jpg?v=638321925458730000,AHUMA,Filete de Pierna AHUMA Sabor BBQ Bolsa 500g,S/ 27.50 un,plazavea,"Carnes, aves y pescados"
https://plazavea.vteximg.com.br/arquivos/ids/26051032-184-184/20349708.jpg?v=638163449596700000,EL REY DEL PULPO,Pulpo Cocido Limpio EL REY DEL PULPO x un,S/ 89.90 un,plazavea,"Carnes, aves y pescados"
https://plazavea.vteximg.com.br/arquivos/ids/25718495-184-184/20328399.jpg?v=638127996304600000,SAN FERNANDO,Costillas St Louis de Cerdo SAN FERNANDO Sabor...,S/ 38.90 x kg,plazavea,"Carnes, aves y pescados"
https://plazavea.vteximg.com.br/arquivos/ids/25718494-184-184/20328401.jpg?v=638127996019830000,SAN FERNANDO,Costillas St Louis de Cerdo SAN FERNANDO Sabor...,S/ 38.90 x kg,plazavea,"Carnes, aves y pescados"
https://plazavea.vteximg.com.br/arquivos/ids/25688448-184-184/20197802.jpg?v=638109405089030000,DOLORES,Atún Medallones DOLORES Premium Bolsa 680g,S/ 69.90 un,plazavea,"Carnes, aves y pescados"
https://plazavea.vteximg.com.br/arquivos/ids/24440692-184-184/20326658.jpg?v=638083094189870000,SALAS,Alitas de Pollo Nikkei SALAS Alitas Maceradas ...,S/ 31.49 un,plazavea,"Carnes, aves y pescados"
https://plazavea.vteximg.com.br/arquivos/ids/28533713-184-184/20281158.jpg?v=638379650044830000,SEAFROST,Langostino Salvaje Argentino SEAFROST Bandeja ...,S/ 31.25 un,plazavea,"Carnes, aves y pescados"
https://plazavea.vteximg.com.br/arquivos/ids/23935582-184-184/216746.jpg?v=638074657272100000,PAEM,Ostras x un,S/ 9.90 un,plazavea,"Carnes, aves y pescados"
https://plazavea.vteximg.com.br/arquivos/ids/23552337-184-184/20326049.jpg?v=638068608827900000,ANGUS,Bife Angosto Americano ANGUS SELECTION x kg,S/ 119.90 x kg,plazavea,"Carnes, aves y pescados"
https://plazavea.vteximg.com.br/arquivos/ids/23552334-184-184/20326050.jpg?v=638068608715300000,ANGUS,Bife Ancho Americano ANGUS SELECTION x kg,S/ 149 x kg,plazavea,"Carnes, aves y pescados"
https://plazavea.vteximg.com.br/arquivos/ids/23059152-184-184/20207511.jpg?v=638060832733530000,CASA EUROPA,Bife de Lomo de Cerdo CASA EUROPA x kg,S/ 36.90 x kg,plazavea,"Carnes, aves y pescados"
https://plazavea.vteximg.com.br/arquivos/ids/23059151-184-184/20207510.jpg?v=638060832696570000,CASA EUROPA,Panceta de Cerdo en Tira CASA EUROPA x kg,S/ 37.90 x kg,plazavea,"Carnes, aves y pescados"
https://plazavea.vteximg.com.br/arquivos/ids/12368443-184-184/20280846.jpg?v=637902724148400000,REDONDOS,Picaña de Cerdo REDONDOS Duroc x kg,S/ 37.50 x kg,plazavea,"Carnes, aves y pescados"
https://plazavea.vteximg.com.br/arquivos/ids/12368353-184-184/20280853.jpg?v=637902724032530000,REDONDOS,Ribs de Cerdo REDONDOS Duroc x kg,S/ 39.90 x kg,plazavea,"Carnes, aves y pescados"
https://plazavea.vteximg.com.br/arquivos/ids/12368310-184-184/20280861.jpg?v=637902723974000000,REDONDOS,T-Bone de Cerdo REDONDOS Duroc x kg,S/ 38.90 x kg,plazavea,"Carnes, aves y pescados"
https://plazavea.vteximg.com.br/arquivos/ids/12368290-184-184/20280841.jpg?v=637902723946030000,REDONDOS,Chuleta de Hombro REDONDOS Duroc x kg,S/ 31.90 x kg,plazavea,"Carnes, aves y pescados"
https://plazavea.vteximg.com.br/arquivos/ids/12368247-184-184/20280855.jpg?v=637902723890400000,REDONDOS,Pernil de Cerdo REDONDOS Duroc x kg,S/ 25.90 x kg,plazavea,"Carnes, aves y pescados"
https://plazavea.vteximg.com.br/arquivos/ids/11554307-184-184/20178670.jpg?v=637886714505500000,LAS NORAS,Entraña Fina de Res LAS NORAS x kg,S/ 114.90 x kg,plazavea,"Carnes, aves y pescados"
https://plazavea.vteximg.com.br/arquivos/ids/10256954-184-184/20253669.jpg?v=637862432508700000,GARDEIN,Filetes de Pollo Vegetariano GARDEIN Doypack 2...,S/ 39.90 un,plazavea,"Carnes, aves y pescados"
https://plazavea.vteximg.com.br/arquivos/ids/27722660-184-184/20254417.jpg?v=638333856979070000,EASY,Crujiente de Langostino y Patata EASY Bandeja ...,S/ 23.90 un,plazavea,"Carnes, aves y pescados"
https://plazavea.vteximg.com.br/arquivos/ids/27722658-184-184/20252377.jpg?v=638333856922230000,KOLDFIN,Tacos de Atún KOLDFIN Bandeja 200g,S/ 16.90 un,plazavea,"Carnes, aves y pescados"
https://plazavea.vteximg.com.br/arquivos/ids/10256948-184-184/20251757.jpg?v=637862432388970000,ARTISAN,Filete de Pierna con Piel ARTISAN Libre de Ant...,S/ 34.90 x kg,plazavea,"Carnes, aves y pescados"
https://plazavea.vteximg.com.br/arquivos/ids/19996806-184-184/20235356.jpg?v=638017648627970000,UMIFOODS,Porciones Salmón UMI Bolsa 500g,S/ 49.90 un,plazavea,"Carnes, aves y pescados"
https://plazavea.vteximg.com.br/arquivos/ids/19996743-184-184/20207678.jpg?v=638017647643570000,NOVA FOODS,Pulpa de Cangrejo NOVA FOOD Caja 200g,S/ 29.90 un,plazavea,"Carnes, aves y pescados"
https://plazavea.vteximg.com.br/arquivos/ids/520129-184-184/20206297.jpg?v=637417834124500000,AZUL MARINO,Conchas de Abanico sin Coral AZUL MARINO Bolsa...,S/ 29.90 un,plazavea,"Carnes, aves y pescados"
https://plazavea.vteximg.com.br/arquivos/ids/646605-184-184/20190144.jpg?v=637443540784830000,BIG RANCH,Tomahawk Americano BIG RANCH,S/ 191.90 x kg,plazavea,"Carnes, aves y pescados"
https://plazavea.vteximg.com.br/arquivos/ids/361274-184-184/20193067.jpg?v=637309531643130000,URUBEEF,Lomo Fino URUBEEF,S/ 119.90 x kg,plazavea,"Carnes, aves y pescados"
https://plazavea.vteximg.com.br/arquivos/ids/13638360-184-184/20193050.jpg?v=637928642065300000,LA COLONIA,Colita Cuadril LA COLONIa x kg,S/ 48.90 x kg,plazavea,"Carnes, aves y pescados"
https://plazavea.vteximg.com.br/arquivos/ids/13638247-184-184/20193039.jpg?v=637928641842230000,LA COLONIA,Picaña LA COLONIA x kg,S/ 52.90 x kg,plazavea,"Carnes, aves y pescados"
https://plazavea.vteximg.com.br/arquivos/ids/13638298-184-184/20193040.jpg?v=637928641933400000,LA COLONIA,Cudril Cadera LA COLONIA x kg,S/ 46.90 x kg,plazavea,"Carnes, aves y pescados"
https://plazavea.vteximg.com.br/arquivos/ids/646609-184-184/20190162.jpg?v=637443540904370000,BIG RANCH,Bife Angosto Americano BIG RANCH,S/ 129.90 x kg,plazavea,"Carnes, aves y pescados"
https://plazavea.vteximg.com.br/arquivos/ids/220053-184-184/20145737.jpg?v=636945690885930000,GOVIMAR,Langostino Cocido GOVIMAR Bandeja 170g,S/ 20.50 un,plazavea,"Carnes, aves y pescados"
https://plazavea.vteximg.com.br/arquivos/ids/27363492-184-184/20104189.jpg?v=638276835013370000,EL BUEN CORTE,Costillas de Cerdos a la Francesa EL BUEN CORT...,S/ 40.90 x kg,plazavea,"Carnes, aves y pescados"
https://plazavea.vteximg.com.br/arquivos/ids/518452-184-184/20104468.jpg?v=637417676469570000,PLAZA VEA,Brazuelo Deshuesado de Cerdo,S/ 25.90 x kg,plazavea,"Carnes, aves y pescados"
https://plazavea.vteximg.com.br/arquivos/ids/27363484-184-184/20018860.jpg?v=638276834824970000,EL BUEN CORTE,Panceta de Cerdo sin Hueso sin Piel El EL BUEN...,S/ 44.90 x kg,plazavea,"Carnes, aves y pescados"
https://plazavea.vteximg.com.br/arquivos/ids/27363476-184-184/20123112.jpg?v=638276834636170000,EL BUEN CORTE,Pierna de Cerdo Deshuesada EL BUEN CORTE,S/ 27.90 x kg,plazavea,"Carnes, aves y pescados"
https://plazavea.vteximg.com.br/arquivos/ids/27363468-184-184/20109393.jpg?v=638276834354070000,EL BUEN CORTE,Colita de Cuadril de Ternera EL BUEN CORTE,S/ 64.90 x kg,plazavea,"Carnes, aves y pescados"
https://plazavea.vteximg.com.br/arquivos/ids/27363426-184-184/20109395.jpg?v=638276833279070000,EL BUEN CORTE,Lomo Fino de Ternera EL BUEN CORTE,S/ 96.90 x kg,plazavea,"Carnes, aves y pescados"
https://plazavea.vteximg.com.br/arquivos/ids/27363464-184-184/20109391.jpg?v=638276834234970000,EL BUEN CORTE,Bife Ancho de Ternera EL BUEN CORTE,S/ 64.90 x kg,plazavea,"Carnes, aves y pescados"
https://plazavea.vteximg.com.br/arquivos/ids/27363458-184-184/20109389.jpg?v=638276834089170000,EL BUEN CORTE,Asado de Tira de Ternera EL BUEN CORTE,S/ 49.90 x kg,plazavea,"Carnes, aves y pescados"
https://plazavea.vteximg.com.br/arquivos/ids/27363466-184-184/20109392.jpg?v=638276834292430000,EL BUEN CORTE,Bife Angosto de Ternera EL BUEN CORTE,S/ 64.90 x kg,plazavea,"Carnes, aves y pescados"
https://plazavea.vteximg.com.br/arquivos/ids/518441-184-184/20061641.jpg?v=637417676137630000,PLAZA VEA,Pierna Entera de Cerdo con Piel Importada,S/ 22.90 x kg,plazavea,"Carnes, aves y pescados"
https://plazavea.vteximg.com.br/arquivos/ids/15326413-184-184/100338.jpg?v=637956291177130000,OTTO KUNZ,Lomito Fino de Cerdo OTTO KUNZ,S/ 42.50 x kg,plazavea,"Carnes, aves y pescados"
https://plazavea.vteximg.com.br/arquivos/ids/27363472-184-184/20014399.jpg?v=638276834482030000,EL BUEN CORTE,Baby Back de Cerdo EL BUEN CORTE,S/ 33.90 x kg,plazavea,"Carnes, aves y pescados"
https://plazavea.vteximg.com.br/arquivos/ids/197569-184-184/20093515.jpg?v=636624309695900000,BELL'S,Pulpa de Cangrejo BELL'S Bolsa 200g,S/ 32.90 un,plazavea,"Carnes, aves y pescados"
https://plazavea.vteximg.com.br/arquivos/ids/518449-184-184/980050.jpg?v=637417676379070000,PLAZA VEA,Pierna de Cerdo Deshuesada Congelada x kg,S/ 26.90 x kg,plazavea,"Carnes, aves y pescados"
